lane_id,origin,destination,focus
INNSA-NLRTM,INNSA,NLRTM,india_europe
INNSA-BEANR,INNSA,BEANR,india_europe
INNSA-GBFXT,INNSA,GBFXT,india_europe
INNSA-IEDUB,INNSA,IEDUB,india_ireland
INNSA-IEORK,INNSA,IEORK,india_ireland
INNSA-GRPIR,INNSA,GRPIR,india_europe
INNSA-ESVLC,INNSA,ESVLC,india_europe
INMUN-NLRTM,INMUN,NLRTM,india_europe
INMUN-DEHAM,INMUN,DEHAM,india_europe
INMUN-GBFXT,INMUN,GBFXT,india_europe
INMUN-IEDUB,INMUN,IEDUB,india_ireland
INMUN-ITGOA,INMUN,ITGOA,india_europe
INMAA-NLRTM,INMAA,NLRTM,india_europe
INMAA-GBFXT,INMAA,GBFXT,india_europe
INMAA-IEDUB,INMAA,IEDUB,india_ireland
INMAA-IEORK,INMAA,IEORK,india_ireland
INCOK-GBLGP,INCOK,GBLGP,india_europe
INNSA-USNYC,INNSA,USNYC,india_us
CNSHA-NLRTM,CNSHA,NLRTM,asia_europe
SGSIN-NLRTM,SGSIN,NLRTM,asia_europe
CNSHA-IEDUB,CNSHA,IEDUB,asia_ireland
AEJEA-NLRTM,AEJEA,NLRTM,gulf_europe
AEJEA-INNSA,AEJEA,INNSA,gulf_india
