from_node,to_node
INNSA,ARABIAN_SEA
INMUN,ARABIAN_SEA
INPAV,ARABIAN_SEA
INHZA,ARABIAN_SEA
PKKHI,ARABIAN_SEA
INCOK,ARABIAN_SEA
INCOK,SRI_LANKA_SOUTH
INTUT,SRI_LANKA_SOUTH
LKCMB,SRI_LANKA_SOUTH
INMAA,BAY_OF_BENGAL
INVTZ,BAY_OF_BENGAL
INCCU,BAY_OF_BENGAL
BDCGP,BAY_OF_BENGAL
BAY_OF_BENGAL,SRI_LANKA_SOUTH
BAY_OF_BENGAL,MALACCA
SRI_LANKA_SOUTH,ARABIAN_SEA
SRI_LANKA_SOUTH,MALACCA
SRI_LANKA_SOUTH,SW_INDIAN_OCEAN
ARABIAN_SEA,GULF_OF_ADEN
ARABIAN_SEA,GULF_OF_OMAN
ARABIAN_SEA,SW_INDIAN_OCEAN
OMSLL,ARABIAN_SEA
OMSLL,GULF_OF_ADEN
GULF_OF_OMAN,HORMUZ
HORMUZ,PERSIAN_GULF
AEJEA,PERSIAN_GULF
AEKHL,PERSIAN_GULF
DJJIB,GULF_OF_ADEN
GULF_OF_ADEN,BAB_EL_MANDEB
BAB_EL_MANDEB,RED_SEA
SAJED,RED_SEA
EGSOK,RED_SEA
RED_SEA,SUEZ_CANAL
SUEZ_CANAL,EAST_MED
EGPSD,EAST_MED
GRPIR,EAST_MED
EAST_MED,CENTRAL_MED
MTMAR,CENTRAL_MED
ITGIT,CENTRAL_MED
SIKOP,CENTRAL_MED
CENTRAL_MED,WEST_MED
ITGOA,WEST_MED
ESBCN,WEST_MED
ESVLC,WEST_MED
WEST_MED,GIBRALTAR
ESALG,GIBRALTAR
MAPTM,GIBRALTAR
GIBRALTAR,IBERIAN_ATLANTIC
GIBRALTAR,CANARY
IBERIAN_ATLANTIC,BAY_OF_BISCAY
IBERIAN_ATLANTIC,CANARY
IBERIAN_ATLANTIC,NORTH_ATLANTIC
BAY_OF_BISCAY,ENGLISH_CHANNEL
BAY_OF_BISCAY,CELTIC_SEA
CELTIC_SEA,IRISH_SEA
CELTIC_SEA,NORTH_ATLANTIC
IEORK,CELTIC_SEA
IEDUB,IRISH_SEA
GBLIV,IRISH_SEA
ENGLISH_CHANNEL,NORTH_SEA
GBSOU,ENGLISH_CHANNEL
FRLEH,ENGLISH_CHANNEL
GBFXT,NORTH_SEA
GBLGP,NORTH_SEA
NLRTM,NORTH_SEA
BEANR,NORTH_SEA
DEHAM,NORTH_SEA
DEBRV,NORTH_SEA
NORTH_SEA,BALTIC_SEA
PLGDN,BALTIC_SEA
SW_INDIAN_OCEAN,CAPE_OF_GOOD_HOPE
ZADUR,SW_INDIAN_OCEAN
ZACPT,CAPE_OF_GOOD_HOPE
CAPE_OF_GOOD_HOPE,WEST_AFRICA_ATLANTIC
WEST_AFRICA_ATLANTIC,CANARY
MALACCA,SINGAPORE_STRAIT
MYPKG,MALACCA
SGSIN,SINGAPORE_STRAIT
MYTPP,SINGAPORE_STRAIT
SINGAPORE_STRAIT,SOUTH_CHINA_SEA
HKHKG,SOUTH_CHINA_SEA
CNSZX,SOUTH_CHINA_SEA
SOUTH_CHINA_SEA,TAIWAN_STRAIT
TWKHH,TAIWAN_STRAIT
TAIWAN_STRAIT,EAST_CHINA_SEA
CNSHA,EAST_CHINA_SEA
CNNGB,EAST_CHINA_SEA
KRPUS,EAST_CHINA_SEA
NORTH_ATLANTIC,US_EAST_COAST
USNYC,US_EAST_COAST
USBAL,US_EAST_COAST
USSAV,US_EAST_COAST
US_EAST_COAST,CARIBBEAN
PAMIT,CARIBBEAN
CARIBBEAN,PANAMA_CANAL
PABLB,PANAMA_CANAL
PANAMA_CANAL,EAST_PACIFIC
USLAX,EAST_PACIFIC
USLGB,EAST_PACIFIC
